,,,,,,,,,,,,,,,
,,,,,,,,,,,,,,,
,カテゴリ,フロア,店名,ふりがな（ひらがな表記）,画像ファイル名,大見出し①,大見出し②,大見出し③,大見出し④,中見出し①,中見出し②,中見出し③,中見出し④,補足①,補足②
1,ファッショングッズ,1F,トプカピ,ああ_とぷかぴ,ph001.jpg,"20,000円以上のお買い上げで、フェルトミニトートプレゼント！",,,,,,,,先着100名様,
2,ライフスタイル＆コスメ,B1,有隣堂,ああ_ゆうりんどう,ph002.jpg,対象サイズの商品をお買い上げで、ジョイナス×有隣堂コラボ限定デザインのブックカバープレゼント！,,,,,,,,なくなり次第終了,
3,ファッション,4F,アースミュージック＆エコロジープレミアムストア,あーすみゅーじっくあんどえころじーぷれみあむすとあ,ph003.jpg,"10,000円以上のお買い上げでマフラープレゼント！",,,,,,,,先着50名様,
4,ファッション,2F,アーノルド パーマー,あーのるどぱーまー,ph004.jpg,"①10,000円ごとのお買い上げの方に、タオルハンカチをプレゼント！",②自社アプリ会員様限定スペシャルプライス,,,,,,,①11/1（水）～11/14（火） なくなり次第終了,②11/15（水）～12/31（日）
5,ファッション,B1,アーバンリサーチ ドアーズ,あーばんりさーちどあーず,ph005.jpg,UR CLUBポイントアップキャンペーン！,,,,,,,,11/9(木）～11/15（水）,
6,ファッション,2F,アーバンリサーチ ロッソ,あーばんりさーちろっそ,ph006.jpg,UR CLUBポイントアップキャンペーン！,,,,,,,,11/9(木）～11/15（水）,
7,ファッション,B1,アズ ノゥ アズ ドゥ バズ,あずのぅあずどぅばず,ph007.jpg,"①11,000円以上のお買い上げで、ガチャポンに参加","②33,000円以上のお買上げで、ショップカードWポイント！",,,,,,,11/22（水）～11/26（日）,
8,ファッション,4F,アモスタイル バイ トリンプ,あもすたいるばいとりんぷ,ph008.jpg,"①5,500円お買い上げで、自社アプリ500ポイントプレゼント！","②カラーコンサル実施で、当日使える1,000円クーポンプレゼント！",,,,,,,①11/1（水）～11/21（火）,②11/25（土）、26（日）限定
9,ファッション,4F,アルシーヴ,あるしーゔ,ph009.jpg,"15,000円以上お買い上げの方に、ストールプレゼント！",,,,,,,,なくなり次第終了,開始日は店頭スタッフにお尋ねください。
10,ファッション,3F,アンフィ,あんふぃ,ph010.jpg,"8,000円以上お買い上げの方に、オリジナルランジェリーネットプレゼント！",,,,,,,,先着22名様,11/17（金）スタート
11,ファッション,4F,179ダブルジー ニコルクラブ,いちななきゅうだぶるじーにこるくらぶ,ph011.jpg,"5,000円以上お買い上げの方に、オリジナルトートバッグプレゼント！",,,,,,,,先着50名様,11/22（水）～11/26（日）
12,ファッション,4F,イーボル,いーぼる,ph012.jpg,"50周年記念 5,000円均一","秋冬アイテムを5,000円均一で販売します。",,,,,,,11/00（ ）～11/00（ ）,
13,ファッション,B1,インデックス,いんでっくす,ph013.jpg,ワールドプレミアムクラブポイント5倍！,,,,,,,,11/22（水）～11/26（日）,
14,ファッション,3F,ウィルセレクション＆スウィングル,うぃるせれくしょんあんどすぃんぐる,ph014.jpg,ジョイナス店限定 一部商品をスペシャルプライスで販売します。,,,,,,,,11/00（ ）～11/00（ ）,
15,ファッション,3F,エヌ ナチュラルビューティーベーシック,えぬなちゅらるびゅーてぃーべーしっく,ph015.jpg,ビスチェドッキングニットワンピースのジョイナス限定カラー販売。,"14,740円",,,,,,,10/25（水）販売開始,
16,ファッション,4F,エヘカ ソポ,えへかそぽ,ph016.jpg,"5,500円以上お買い上げの方に、限定ショッパープレゼント！",,,,,,,,先着50名様,
17,ファッション,3F,オズモーシス,おずもーしす,ph017.jpg,①限定アイテム 配色リブニットワンピース」,"10,780円",②メンバーズポイント20倍UP,,,,,,①11/18（土）販売開始,②11/18（土）～11/26（日）
18,ファッション,4F,オリーブ デ オリーブ,おりーぶでおりーぶ,ph018.jpg,ジョイナス店限定カラーのサイドスリットベルトカーゴパンツの販売,"6,490円",,,,,,,,
19,ファッション,2F,かぐれ,かぐれ,ph019.jpg,UR CLUBポイントアップキャンペーン！,,,,,,,,11/9(木）～11/15（水）,
20,ファッション,1F,カルバン・クライン,かるばん・くらいん,ph020.jpg,Calvin Klein Winter Campaign,"38,500円以上のお買い上げの方に、折り畳み傘付オリジナルサコッシュをプレゼント！",,,,,,,11/2（木）～11/30（木）,なくなり次第終了
21,ファッション,B1,河谷シャツ,かわたにしゃつ,ph021.jpg,期間中、河谷シャツポイント2倍！,,,,,,,,11/1（水）～11/30（木）,※一部対象外商品あり
22,ファッション,3F,キュー,きゅー,ph022.jpg,"①スターニットの限定カラーを販売します 14,300円",②アプリポイントアップ,,,,,,,①12/7（木）販売開始,②11/1（水）～12/31（日）
23,ファッション,B1,銀座花菱,ぎんざはなびし,ph023.jpg,ジョイナス50周年記念スペシャルプライス,"5,500円の数量限定商品を販売します。",,,,,,,,
24,ファッション,4F,クリア,くりあ,ph024.jpg,2BUYスペシャルプライス,,,,,,,,11/22（水）～11/26（日）,
25,ファッション,1F,グレースコンチネンタル・ザ・バンケット,ぐれーすこんちねんたる・ざ・ばんけっと,ph025.jpg,限定カービングアイテム,,,,"mini boston bag：限定色タンブガッティ 52,800円","stand wallet3:限定色タンブガッティー 23,100円",,,11/22（水）販売開始,
26,ファッション,4F,神戸レタス,こうべれたす,ph026.jpg,"6,000円以上お買い上げの方に、ノベルティ（ストール）をプレゼント！",,,,,,,,先着60名様,
27,ファッション,B1,ココディール,ここでぃーる,ph027.jpg,"アウターを含む30,000円以上お買い上げの方に、ミニスクエアチェーンバッグをプレゼント！",,,,,,,,11/9（木）スタート,※なくなり次第終了
28,ファッション,3F,さが美,さがみ,ph028.jpg,きものデビューセット（洗える着物+半巾帯）をオトクな価格でご提供,"5,000円",,,,,,,11/16（木）～11/26（日）,
29,ファッション,B1,サマンサモスモス オロフオネ,さまんさもすもすおろふおね,ph029.jpg,"8,000円以上お買い上げの方に、限定ノベルティ（トートBag）をプレゼント！",,,,,,,,先着100名様,
30,ファッション,B1,サルート バイ ワコール,さるーとばいわこーる,ph030.jpg,"店内商品、16,500円以上お買い上げ頂いた方に、ランジェリーウォッシュのボトル1本プレゼント",,,,,,,,先着50名様,
31,ファッション,4F,ジーバイゴージ,じーばいごーじ,ph031.jpg,"①お買上げ5,000円（税込）ごとに1,000円チケットプレゼント！",②アウターをジョイナス店限定特別価格で販売,,,,,,,①11/1（水）～11/17（金）,②11/18（土）～11/26（日）
32,ファッション,B1,スーパーハッカ,すーぱーはっか,ph032.jpg,コート、ジャケット等 期間中スペシャルプライス,,,,,,,,11/17（金）～11/26（日）,
33,ファッション,B1,ストラ,すとら,ph033.jpg,"期間中、対象アウター又は38,500円以上お買上げの方に、オリジナルブランケットプレゼント！",,,,,,,,10/27（金）～11/12（日）,なくなり次第終了
34,ファッション,4F,スプレイ リビー＆ローズ,すぷれいりびーあんどろーず,ph034.jpg,"5,500円以上お買い上げの方に、スマホショルダープレゼント！",,,,,,,,※なくなり次第終了,
35,ファッション,B1,スリークォーター,すりーくぉーたー,ph035.jpg,自社ポイント2倍,,,,,,,,11/22（水）～11/26（日）,
36,ファッション,B1,センスオブプレイス バイ アーバンリサーチ,せんすおぶぷれいすばいあーばんりさーち,ph036.jpg,UR CLUBポイントアップキャンペーン！,,,,,,,,11/9(木）～11/15（水）,
37,ファッション,3F,ゾルバ,ぞるば,ph037.jpg,自社オリジナルブランドシール・キーホルダーの無料配布！,,,,,,,,先着30名様,
38,ファッション,4F,ダズリン,だずりん,ph038.jpg,"22,000円以上のお買い上げの方に、オリジナルルームウェアをプレゼント！",,,,,,,,11/22（水）スタート,
39,ファッション,4F,ダブルクローゼット,だぶるくろーぜっと,ph039.jpg,ジョイナス先行販売,,,,,,,,11/22（水）販売開始,
40,ファッション,4F,ダブルネーム,だぶるねーむ,ph040.jpg,"15,000円以上のお買上げの方に、オリジナルスケジュールノートプレゼント！",,,,,,,,11/9（木）スタート,なくなり次第終了
41,ファッション,1F,チャリングクロス ハムステッド,ちゃりんぐくろすはむすてっど,ph041.jpg,ジョイナス店限定プライス商品の販売,,,,,,,,11/1（水）～11/21（火）,
42,ファッション,B1,ドゥ アルシーヴ,どぅあるしーゔ,ph042.jpg,"20,000円以上のお買い上げで、マフラーをプレゼント！",,,,,,,,先着20名様,12/22（金）スタート
43,ファッション,B1,トッコクローゼット,とっこくろーぜっと,ph043.jpg,tocco closetポイントカードWポイント,,,,,,,,11/22（水）～26（日）,
44,ファッション,B1,トランテアン ソン ドゥ モード,とらんてあんそんどぅもーど,ph044.jpg,"25,000円以上お買い上げの方に、オリジナルルームウェア（ジップパーカー）をプレゼント！",,,,,,,,11/9（水）スタート,※なくなり次第終了
45,ファッション,B1,ナチュラルビューティーベーシック,なちゅらるびゅーてぃーべーしっく,ph045.jpg,メンバーズポイントアップ,,,,,,,,11/22（水）～26（日）,
46,ファッション,1F,ノーブル,のーぶる,ph046.jpg,ダウンブランド「DUNO」のPOP UPを開催！,,,,,,,,11/15（水）～11/30（木）,
47,ファッション,B1,ノーリーズ,のーりーず,ph047.jpg,ジョイナス店限定カラー（ベビーピンク）,衿端パール片畦ハイネックプルオーバーニット,"18,700円",,,,,,,
48,ファッション,B1,パラスパレス,ぱらすぱれす,ph048.jpg,"期間中33,000円以上お買い上げの方に、オリジナルバンダナをプレゼント！",,,,,,,,先着20名様,11/22（水）～11/26（日）
49,ファッション,1F,ピーエス ポール・スミス,ぴーえすぽーるすみす,ph049.jpg,ジョイナス先行販売,,,,"セットアップで55,000円","ジャケット38,500円","パンツ16,500円",,10/28（土）販売開始,
50,ファッション,2F,ビーセカンド,びーせかんど,ph050.jpg,洗練された都市と自由な自然のスタイルと合わせ、地球環境・生産背景にこだわる木の実由来のサスティナブルブランドの「KAPOK KNOT」のPOP UPを開催します。,,,,,,,,11/3（金）～12/25（月）,
51,ファッション,B1,ヒコウセンカーラ,ひこうせんかーら,ph051.jpg,"5,500円以上お買い上げの方に、アニバーサリー巾着プレゼント！",,,,,,,,先着50名様,
52,ファッション,1F,ヒステリックグラマー,ひすてりっくぐらまー,ph052.jpg,50周年を記念しての別注パーカー,"29,700円",,,,,,,11/22（水）販売開始,
53,ファッション,4F,フィント,ふぃんと,ph053.jpg,winter collection event,Fi.n.t · an another angelus「オリジナルトートバッグ」プレゼント！,Fi.n.t横浜ジョイナス店限定！オリジナルカラーのワンピースを販売します。,,,,,,詳しい内容はこちらをご覧ください,＠fint_yokohama
54,ファッション,4F,プー ドゥ ドゥ,ぷーどぅどぅ,ph054.jpg,"10,000円以上お買い上げの方に、エコバッグプレゼント！",,,,,,,,※なくなり次第終了,
55,ファッション,4F,フォーエバー 21,ふぉーえばーとぅえんてぃーわん,ph055.jpg,"アプリ会員6,000円以上お買い上げで、オリジナル折りたたみ傘プレゼント！（当日入会可）",,,,,,,,※なくなり次第終了,
56,ファッション,3F,ブラデリスニューヨーク,ぶらでりすにゅーよーく,ph056.jpg,横浜ジョイナス特別企画,"ナイトケアセット／お得な2枚セット 5,940円",ランジェリーソープ10ｇ付き,"ヒップケアセット／お得な3枚セット 3,300円",,,,,,
57,ファッション,3F,プロポーション アリュール,ぷろぽーしょんありゅーる,ph057.jpg,ジョイナス店限定カラー,フェザーマーメイドニットワンピース,"12,980円",,,,,,10/30（月）販売開始,
58,ファッション,4F,ページボーイ,ぺーじぼーい,ph058.jpg,"15,000円以上お買い上げの方に、ストーンディフューザーをプレゼント！",,,,,,,,11/22（水）スタート,なくなり次第終了
59,ファッション,4F,ポートランド,ぽーとらんど,ph059.jpg,"5,500円以上お買い上げごとに、通常の自社ポイントにプラス500ポイントをプレゼント！",,,,,,,,11/1（水）～11/21（火）,
60,ファッション,4F,マジェスティックレゴン,まじぇすてぃっくれごん,ph060.jpg,ジョイナス限定カラーアイテム,キラキラビジューチェーンニット 限定カラーピンク,"5,940円",,,,,,11/10（金）販売開始,
61,ファッション,B1,マルチュウ,まるちゅう,ph061.jpg,"スペシャルプライス 各種1,100円均一",,,,,,,,11/1（水）～12/31（日）,
62,ファッション,4F,ミスティウーマン,みすてぃうーまん,ph062.jpg,"18,000円以上のお買い上げで、ミニショルダーBagをプレゼント！",,,,,,,,先着30名様,11/17（金）スタート
63,ファッション,B1,ラディエイト,らでぃえいと,ph063.jpg,一部商品スペシャルプライス,,,,,,,,11/1（水）～11/13（月）,
64,ファッション,B1,ランドリー,らんどりー,ph064.jpg,横浜限定商品,セーラーBOYコインポーチ,"2,750円",,,,,,,
65,ファッション,4F,リサマリ,りさまり,ph065.jpg,"9,900円以上お買上げの方に、マグカップをプレゼント！",マグカップ2色 各50個,,,,,,,先着100名様,12/1（金）スタート
66,ファッション,B1,リリアン カラット,りりあんからっと,ph066.jpg,"16,500円以上お買上げの方に、ボールチェーンデザインミニバッグをプレゼント！",,,,,,,,11/9（木）スタート,※なくなり次第終了
67,ファッション,B1,ル・クール ブラン,るくーるぶらん,ph067.jpg,ジョイナス50周年限定,スエードトートバッグ,"10,780円",,,,,,10/16（月）販売開始,
68,ファッション,4F,レイカズン,れいかずん,ph068.jpg,"13,000円以上お買い上げの方に、マルチウェイビスチェをプレゼント！",,,,,,,,先着50名様,11/9（木）スタート
69,ファッション,4F,レトロガール,れとろがーる,ph069.jpg,レトロガールのメンバーズポイントを20％還元！,,,,,,,,11/15（水）～26（日）,
70,ファッション,B1,ロイス クレヨン,ろいすくれよん,ph070.jpg,"30,000円以上お買上げの方に、ノベルティをプレゼント！",,,,,,,,11/22（水）～11/26（日）,
71,ファッション,B1,ロペピクニック,ろぺぴくにっく,ph071.jpg,スペシャルイベント,,,,,,,,,
72,ファッション,4F,ワンアフターアナザーナイスクラップ,わんあふたーあなざーないすくらっぷ,ph072.jpg,"12,000円お買上げの方に、ノベルティプレゼント！",,,,,,,,11/10（金）スタート,※なくなり次第終了
73,ファッショングッズ,3F,ア ドゥ ヴィーヴル,あどぅゔぃーゔる,ph073.jpg,お買上げの方、全員対象でオリジナルノベルティ［靴べら］プレゼント！,,,,,,,,※なくなり次第終了,
74,ファッショングッズ,１F,アトモス,あともす,ph074.jpg,TOKYO23というオリジナルブランドのPOP UPを開催。,,,,,,,,,
75,ファッショングッズ,B1,アヤノコウジ,あやのこうじ,ph075.jpg,横浜店限定カラー「マリンブルー」。初登場アイテム。,ジャンボがま口バッグ,"36,520円",,,,,,,
76,ファッショングッズ,3F,イース,いーす,ph076.jpg,"1,000円以上お買い上げの方に、ヘアアクセサリーをプレゼント！",,,,,,,,先着50名様,
77,ファッショングッズ,１F,イア パピヨネ,いあぱぴよね,ph077.jpg,"18,000円以上お買い上の方に、ノベルティ（ポーチ）プレゼント！",,,,,,,,先着60名様,
78,ファッショングッズ,B1,イワキメガネ,いわきめがね,ph078.jpg,メガネフレーム+レンズ一式作製のお客様へ,フランスのメガネブランド「ラフォン」のセリート（メガネ拭き）をプレゼント！,,,,,,,先着30名様,
79,ファッショングッズ,3F,エイチエムエス ウォッチストア,えいちえむえすうぉっちすとあ,ph079.jpg,"15,000円以上お買い上げの方に、ノベルティ（HAAN、ハンドスプレー）をプレゼント！",,,,,,,,先着50名様,
80,ファッショングッズ,B1,エース バッグス＆ラゲージ,えーすばっぐすあんどらげーじ,ph080.jpg,"①特価スーツケース20本 15,000円均一",②ACE MEMBERS PROGRAM 2倍ポイントアップ,,,,,,,①11/13（月）販売開始,②11/13（月）～11/26（日）
81,ファッショングッズ,3F,エフィーズ クローゼット,えふぃーずくろーぜっと,ph081.jpg,お買い上げの方にノベルティプレゼント！,詳細はスタッフにお尋ねください。,,,,,,,,
82,ファッショングッズ,1F,エンチャンテッド,えんちゃってっど,ph082.jpg,"お買上げの方に次回から使える1,000円OFFチケットプレゼント！",,,,,,,,11/1（水）～11/30（木）,
83,ファッショングッズ,B1,オグラ眼鏡店,おぐらめがねてん,ph083.jpg,眼鏡一式ご購入の方へ、超極細繊維素材の「オグラ眼鏡店オリジナル メガネ拭き」をプレゼントいたします。,,,,,,,,先着30名様,
84,ファッショングッズ,4F,オリエンタルトラフィック,おりえんたるとらふぃっく,ph084.jpg,シューズお買い上げでノベルティプレゼント！,,,,,,,,先着50名様,
85,ファッショングッズ,B1,ガーランド オブ デュウ,がーらんどおぶでゅう,ph085.jpg,"3,300円以上お買い上げの方にノベルティ（オリジナルヘアゴム）プレゼント！",,,,,,,,先着40名様,
86,ファッショングッズ,2F,貴和製作所,きわせいさくじょ,ph086.jpg,見るワークショップを開催！［観覧無料］,KIWA PLUSキットを使って丸カン開閉、ピン曲げ、石座の留め方が学べます。,,,,,,,11/11(土）、11/18（土）13:30～、15:00～,※詳細は店舗スタッフまでお尋ねください。
87,ファッショングッズ,B1,靴下屋,くつしたや,ph087.jpg,ジョイナス店限定のお得なハッピーセットを限定50個で販売！！,,,,,,,,限定50個,11/1（日）～11/30（木）
88,ファッショングッズ,2F,ソット,そっと,ph088.jpg,sot横浜ジョイナス店限定カラー財布,,,,"オースピスレザー長財布 20,900円","オースピスレザーミニ財布 17,600円","オースピスレザーLファスナーキーケース 11,000円",,数量限定,
89,ファッショングッズ,4F,チュチュアンナ,ちゅちゅあんな,ph089.jpg,自社アプリポイント5倍,,,,,,,,11/22（水）～11/26（日）,
90,ファッショングッズ,4F,パーツクラブ,ぱーつくらぶ,ph090.jpg,パーツクラブ横浜店アニバーサリーイベント,レジン液星の雫スペシャルプライス！,"1,056円",,,,,,各日限定20個,11/3（金）～11/5（日）
91,ファッショングッズ,B1,フィットフィット,ふぃっとふぃっと,ph091.jpg,スニーカー 一部スペシャルプライスで販売します。,,"10,890円～",,,,,,,
92,ファッショングッズ,4F,ブルーム,ぶるーむ,ph092.jpg,①JOINUS 50周年記念BLOOMアプリスタンプ2倍,②ハッピーバッグ,,,"K10ピアス2点セット 3,300円","K10イヤリング＆イヤカフセット 8,800円","K10ブレスレット、ネックレス2点セット 13,200円",,①11/1（水）～12/25（月）,②11/1（水）販売開始 なくなり次第終了
93,ファッショングッズ,B1,ベリテ,べりて,ph093.jpg,ベリテ横浜店限定価格商品,,,,"プラチナダイヤモンドピアス 5,000円","プラチナダイヤモンドネックレス 50,000円","プラチナダイヤモンドリング 500,000円","プラチナピングゴールドリング 500,000円",,
94,ファッショングッズ,B1,ミナカイ,みなかい,ph094.jpg,JOINUS50周年記念,スペシャルプライス,"5,500円",,,,,,11/20（月）～11/26（日）,
95,ファッショングッズ,B1,メゾン ド フルール,めぞんどふるーる,ph095.jpg,横浜ジョイナス限定,限定スクエアトートバッグ,BLACK、PINK2色展開,"6,900円",,,,,11/22（水）販売開始,
96,ファッショングッズ,4F,メディストア,めでぃすとあ,ph096.jpg,"5,000円以上のお買上げの方に、1,000円OFFクーポンプレゼント",,,,,,,,11/22（水）～11/30（木）,
97,ファッショングッズ,B1,モレスキン,もれすきん,ph097.jpg,"①3,000円）以上お買い上げで参加できるハズレなし抽選会！
  1等は1万円相当のモレスキン商品、2等以下は割引チケット、ノベルティ他が当たります。",②通常550円（税込）の名入れを無料サービスします。,,,,,,,①11/17（金）～11/30（木）,②11/1（水）～11/30（木）
98,ファッショングッズ,B1,ランダ,らんだ,ph098.jpg,"10,000円以上のお買い上げで、ノベルティ［ミニバッグ］プレゼント！",,,,,,,,先着45名様,
99,ファッショングッズ,1F,ルートート ギャラリー,るーとーとぎゃらりー,ph099.jpg,そうにゃんコラボトートバッグ,詳細はスタッフにお尋ねください。,,,,,,,,
100,ファッショングッズ,B1,レン,れん,ph100.jpg,happy bag seｔ,,"19,800円",,,,,,限定5点,
101,ライフスタイル＆コスメ,3F,アインズ＆トルペ,あいんずあんどとるぺ,ph101.jpg,AYURAボディケアセット,,"4,180円",,アユーラメディテーションバス（300ml）とアロマティックウォッシュα（300ml）に蓬香草湯2包が付いてくる,,,,限定30セット,10/25（水）～
102,ライフスタイル＆コスメ,B1,アフタヌーンティー・リビング,あふたぬーんてぃーりびんぐ,ph102.jpg,お楽しみバッグ,,"3,850円",,,,,,なくなり次第終了,
103,ライフスタイル＆コスメ,3F,イッツデモ,いっつでも,ph103.jpg,お洋服とバッグをスペシャルプライスで販売,,,,,,,,11/1（水）～12/31（日）,
104,ライフスタイル＆コスメ,1F,イニスフリー,いにすふりー,ph104.jpg,横浜ジョイナス店限定,"LUCKY BAG 5,500円",高保湿、肌キメケア,,ブラックティー ユースアンプル 30ml,ブラックティー ユースクリーム 50ml,ブラックティー シートマスク,ブラックティー DUOキット,11/1（水）～11/15（水）,
105,ライフスタイル＆コスメ,２F,エシカルシー,えしかるしー,ph105.jpg,ハッピーバッグ,,,,"ボディケア・スキンケアセット 7,000円","フードセット 5,000円",,,,
106,ライフスタイル＆コスメ,B1,吉祥寺菊屋,きちじょうじきくや,ph106.jpg,"1,000円以上のお買い上げの方に、スポンジ1つプレゼント！",,,,,,,,先着250名様,
107,ライフスタイル＆コスメ,1F,キッチンキッチン,きっちんきっちん,ph107.jpg,"1,650円以上お買い上げの方に、ノベルティプレゼント！",,,,,,,,先着150名様,11/22（水）スタート
108,ライフスタイル＆コスメ,B1,キャトル・セゾン,きゃとるせぞん,ph108.jpg,ダブルスタンプキャンペーン！,自社ポイントカード2倍スタンプ,,,,,,,11/15（水）～11/21（火）,
109,ライフスタイル＆コスメ,3F,ケユカ,けゆか,ph109.jpg,期間中、雑貨・アパレル全品ご購入でケユカポイント5倍で付与,,,,,,,,11/1（水）～11/14（火）,
110,ライフスタイル＆コスメ,B1,ザ・コスメティックテラスタシロ,ざこすめてぃっくてらすたしろ,ph110.jpg,TMC会員様,5倍ポイント還元,,,,,,,11/22（水）～11/26（日）,
111,ライフスタイル＆コスメ,B1,ザボディショップ,ざぼでぃしょっぷ,ph111.jpg,"6,600円以上お買い上げの方に、香りが選べるハンドクリームをプレゼント！",,,,,,,,11/22（水）スタート,数量限定 なくなり次第終了
112,ライフスタイル＆コスメ,3F,サンリオ ビビティックス,さんりおびびてぃっくす,ph112.jpg,"2,200円以上お買い上げで、オリジナルノベルティ缶バッヂを1点プレゼント！",,,,,,,,500個限定,
113,ライフスタイル＆コスメ,B1,トゥールズ,とぅーるず,ph113.jpg,コピックチャオ・そうにゃんぬり絵セット,,"1,386円",,"そうにゃんと相鉄車輌がぬれるコックピットチャオ4色セット。
  そうにゃんぬり絵2枚付、専用ケース付",,,,数量限定,
114,ライフスタイル＆コスメ,B1,ナチュラルキッチン アンド,なちゅらるあきっちんあんど,ph114.jpg,"2,200円以上お買い上げの方にノベルティプレゼント",,,,,,,,先着200名様,11/22（水）スタート
115,ライフスタイル＆コスメ,B1,ニールズヤード レメディーズ,にーるずやーどれめでぃーず,ph115.jpg,"44,000円以上お買い上げの方に、リードデュフューザープレゼント！",,,,,,,,先着30名様,
116,ライフスタイル＆コスメ,4F,ニポポ,にぽぽ,ph116.jpg,nipopoポイントカード2倍,,,,,,,,11/1（水）～12/31（日）,
117,ライフスタイル＆コスメ,B1,ハウスオブローゼ,はうすおぶろーぜ,ph117.jpg,フォレストホリディ（ウインターギフト）、クラシックプー ギフトセット（フルーツケーキの香り）を含む,"6,600円以上お買上げの方に、エクセラージュローションミニサイズをプレゼント致します。",,,,,,,なくなり次第終了,
118,ライフスタイル＆コスメ,1F,ハコアダイレクトストア,はこあだいれくとすとあ,ph118.jpg,IC-pass caseの限定樹種の数量限定販売。,"4,950円",パープルハート（紫色）、カリン（オレンジ色）,,,,,,11/1（水）～12/31（日）,なくなり次第終了
119,ライフスタイル＆コスメ,B1,ファンケルビューティショップ,ふぁんけるびゅーてぃーしょっぷ,ph119.jpg,"5,000円以上お買い上げの方に、次回使える390ポイントクーポンプレゼント！",,,,,,,,11/22（水）～11/26（日）,
120,ライフスタイル＆コスメ,4F,プラザ,ぷらざ,ph120.jpg,"3,000円（税込）以上お買い上げのPLAZA PASS 本会員様に
  Care Bears™ デザインスタッキングマグ（非売品）をプレゼント！",,,,,,,,各日先着50名様,11/1（水）～11/5（日）
121,ライフスタイル＆コスメ,3F,ブリングミー,ぶりんぐみー,ph121.jpg,JOINUS50周年限定アイテム,大人気のミニチャームシリーズにレッサーパンダが仲間入り！,"3,850円",,,,,,11/1（水）～12/31（日）,なくなり次第終了
122,ライフスタイル＆コスメ,B1,マツモトキヨシ パート１店,まつもときよしぱーと1てん,ph122.jpg,"3,000円以上お買い上げの方に、ノベルティプレゼント！",,,,,,,,なくなり次第終了,
123,ライフスタイル＆コスメ,B1,マツモトキヨシ パート２店,まつもときよしぱーと2てん,ph123.jpg,"3,000円以上お買い上げの方に、ノベルティプレゼント！",,,,,,,,なくなり次第終了,
124,ライフスタイル＆コスメ,3F,ラブラリー バイ フェイラー,らぶらりーぱいふぇいらー,ph124.jpg,横浜ジョイナス店限定,ヨット型チャームポーチ。ヨット型をイメージしたポーチで、前面にラブラリーのロゴ刺繍が入ります。,"7,150円",,,,,,11/29（水）販売開始,
125,ライフスタイル＆コスメ,1F,ラリン,らりん,ph125.jpg,"5,500円以上お買い上げの方に、ハンドクリーム10gプレゼント！",,,,,,,,先着150名様,
126,ライフスタイル＆コスメ,B1,ラワレ生活の木,らわれせいかつのき,ph126.jpg,ウインターボタニカルアロマ作り,持っていると幸せになれると伝えられる“ブッダナッツ”。木の実やグリーンで飾りつけて、香りのオブジェを作ります。,,,日時：11/30（木）、12/1（金）、2（土） ①11：30～、14:30～,定員：各日3名様,"材料費：3,630円",,,
127,ライフスタイル＆コスメ,1F,レ・トワール・デュ・ソレイユ,れとわーるでゅそれいゆ,ph127.jpg,モバイル会員様、お買い上ポイント5倍,,,,,,,,11/22（水）～11/26（日）,
128,ライフスタイル＆コスメ,1F,私の部屋,わたしのへや,ph128.jpg,Wスタンプキャンペーン,スタンプカードが期間中Wスタンプ,（B1Fのキャトルセゾンと同日開催）,,,,,,11/15（水）～11/21（火）,
129,グルメ,B1,アフタヌーンティー・ティールーム,あふたぬーんてぃーてぃーるーむ,ph129.jpg,ハッピーバッグ,オリジナルのトートバッグに人気の紅茶や焼き菓子、カレー、店内でご利用いただけるスイーツチケット（ハーフサイズ）を詰め合わせました。,"3,000円",,,,,,50個限定,
130,グルメ,B1,アンドダブルレインボー,あんどだぶるれいんぼー,ph130.jpg,"1,100円以上ご利用のお客様に、トートバッグ、コースター等をプレゼント！",,,,,,,,数量限定,
131,グルメ,B1,伊太利亜のじぇらぁとや,いたりあのじぇらぁとや,ph131.jpg,スペシャルプライス！,"テイクアウト専用500ccBOX通常1,550円→1,330円（税込）",,,,,,,11/16（水）～11/30（木）,
132,グルメ,B2,大かまど飯 寅福,おおかまどめしとらふく,ph132.jpg,限定メニュー,四万十産のうなぎ丼,"2,700円",,四万十川に遡上してくるシラスウナギだけを使用！,うなぎをご注文された方先着50名様に寅福のお米プレゼント！,,,数量に達し次第終了いたします。,
133,グルメ,B2,オステリア ウーヴァ・ラーラ,おすてりあうーゔぁらーら,ph133.jpg,豚バラ肉のロースト「ポルケッタ」,200ｇ,"2,500円",,,,,,11/21（火）～11/23（木）,
134,グルメ,B1,勝烈庵,かつれつあん,ph134.jpg,限定メニュー注文でドリンク1杯サービス！,"大かつ定食、大ロースかつ定食、三元大ロースかつ定食を
  頼んだ方にオレンジジュース又はウーロン茶を1杯サービスいたします",,,,,,,11/6（月）～11/30（木）,
135,グルメ,B1,かにチャーハンの店,かにちゃーはんのみせ,ph135.jpg,限定メニュー,濃厚坦々麺と海鮮五目チャーハンのハーフセット,"1,600円",,濃厚なゴマ坦々とXO醤の風味が香る海鮮チャーハンの相性バツグン,,,,提供期間は店頭スタッフにお尋ねください。,
136,グルメ,B2,カレーハウス リオ,かれーはうすりお,ph136.jpg,エビフライカレー,880円,,,サクッとした食感のエビフライがカレーと良く合います。,,,,,
137,グルメ,B1,スターバックス コーヒー,すたーばっくすこーひー,ph137.jpg,コーヒー豆（250ｇ）、コーヒー器具をご購入の方に、スターバックスオリガミⓇのサンプル1袋をプレゼント！,,,,,,,,11/1（水）～11/30（木）,
138,グルメ,3F,タリーズコーヒー,たりーずこーひー,ph138.jpg,ジョイナス50周年記念バッグ,タリーズティーセット,"3,022円",,ご自宅でティータイムを過ごせるアイテムとドリンク半額チケットの入った限定バッグ,,,,限定50個,
139,グルメ,B2,ちゅら屋,ちゅらや,ph139.jpg,沖縄ちょい飲みセット,"1,500円",,,オリオンビール（ジョッキ）+珍味3種盛り,ディナータイムのみ（ランチタイム無し）16:00～19:00まで,,,11/1（水）～11/30（木）,
140,グルメ,B1,東京北浜,とうきょうきたはま,ph140.jpg,"1回のお会計で5,000円毎に、ハズレなしのガラガラに1回参加出来ます。",,,,,,,,※合算不可,11/1（水）～12/31（日）
141,グルメ,B1,東京純豆腐,とうきょうすんどぅぶ,ph141.jpg,牛ざんまいスンドゥブ,"ランチセット1,550円","ディナーセット1,830円",,,,,,11/1（水）～11/30（木）,
142,グルメ,B1,鶏三和,とりさんわ,ph142.jpg,名古屋コーチンたまごプリンセット,通常セット価格330円のところ,期間中、1日50食限定で、税込み200円の特別価格でご提供,,,,,,11/17（金）～11/26（日）,
143,グルメ,2F,ドロップコーヒー,どろっぷこーひー,ph143.jpg,限定メニュー,ティラミスラテ,650円,,,,,,11/1（水）～12/31（日）,
144,グルメ,B2,とんかつ和幸,とんかつわこう,ph144.jpg,50周年記念メニュー,盛合わせ膳 さがみ,"2,500円",,もちぶたロースかつ、和牛と黒豚のメンチかつ盛合わせ,,,,11/1（水）～11/30（木）,
145,グルメ,B2,バケット,ばけっと,ph145.jpg,プレミアムセット,"2,728円",生ハムの彩サラダに、お好きな料理をお一つ選択、パン食べ放題、ドリンクバー、デザートが付いた限定セットです。,,,,,,,
146,グルメ,B1,まん天餃子,まんてんぎょうざ,ph146.jpg,生冷凍30粒入り,50周年特価！,,,"まん天餃子 1,399円","しそ餃子 1,605円","水餃子 1,605円",,11/1（水）～11/30（木）,
147,グルメ,B1,銀座コージーコーナー,ぎんざこーじーこーなー,ph147.jpg,対象のカットケーキを特別価格にて販売,,,,,,,,11/22（水）～11/26（日）,
148,グルメ,1F,ゴディバ,ごでぃば,ph148.jpg,ゴディバオリジナルバッグ,"3,851円",ゴディバの人気商品をオリジナルトートバッグに詰め合わせた特別なセットです。,,,,,,11/1（水）～11/14（火）,
149,グルメ,1F,治一郎,じいちろう,ph149.jpg,限定商品,ラムレーズンクローネ,420円,,発酵バターを何層にも織り込んだパイ生地に、隠し味にホワイトチョコレートを加えたレーズン入りクリームをたっぷり練り込み、アーモンドプラリネをトッピングしました。,,,,11/1（水）～11/30（木）,
150,グルメ,B1,太子堂,たいしどう,ph150.jpg,太子堂限定ギフトボックス,500円,,,,,,,数量限定50個,
151,グルメ,B1,中華惣菜 ミスターパンダ,ちゅうかそうざいみすたーぱんだ,ph151.jpg,限定メニュー,豚角煮 100ｇ 430円,,,,,,,,
152,グルメ,B1,とんかつ和幸,とんかつわこう,ph152.jpg,限定販売,和豚もちぶたロースかつ120g,980円,,,,,,11/22（水）～26（日）,
153,グルメ,B1,ビオセボン,びおせぼん,ph153.jpg,"5,000円以上お買上げの方に、ビオセボンオリジナルポーチプレゼント！",※色は選べません。,,,,,,,先着50名様,10/25（水）スタート
154,グルメ,B1,祭鳥八,まつりとりはち,ph154.jpg,限定メニュー,"味わいセット 1,188円",,,名物のとり天や焼き鳥、唐揚げやジョイナス限定の鶏つくねなど色々な鶏惣菜がお楽しみいただけるお惣菜セット。,,,,11/1（水）～11/10（火）,
155,グルメ,1F,りんごとバター。,りんごとばたー。,ph155.jpg,"1,500円以上お買上げの方に、クッキー2枚プレゼント！",,,,,,,,先着50名様,11/3（金）～11/5（日）
156,グルメ,B1,フードマーケット東急ストア,ふーどまーけっととうきゅうすとあ,ph156.jpg,JOINUS50周年記念！500円均一,生鮮、食品、日用品本体価格,500円（税込540円）で販売,,,,,,※一部商品、数量限定,11/6（月）～11/8（水）
157,グルメ,B1,クイーンズ伊勢丹,くいーんずいせたん,ph157.jpg,ハッピーバッグ,ウイスキーお楽しみBOX 全7種・いずれか1本,"4,048円",,,,,,限定100本,
158,グルメ,B1,クイーンズ伊勢丹／知久屋,くいーんずいせたんちくや,ph158.jpg,上カツ重,756円,,,こだわりのロースかつが1枚のったボリュームたっぷりのカツ重。,,,,数量限定,11/1（水）～11/15（水）
159,グルメ,B1,神戸屋キッチンデリ＆カフェ,こうべやきっちんでりあんどかふぇ,ph159.jpg,プレミアムバラエティーセット,670円,,,,,,,11/1（水）～11/30（木）,16時から販売・限定10個
160,グルメ,B1,千駄木腰塚 横濱精肉店,せんだぎこしずかよこはませいにくてん,ph160.jpg,50周年限定,千駄木腰塚 スペシャルセット,"5,000円",,コンビーフ、ベリーハム、セミドライソーセージの3点セット,,,,11/1（水）～11/30（木）,
161,グルメ,B1,築地 魚きん,つきじうおきん,ph161.jpg,限定お刺身盛合わせ,,,,"3点盛り・2,592円","4点盛り・3,456円","6点盛り・5,184円",,※写真は6点盛りです。,11/1（水）～11/30（木）
162,グルメ,B1,ドルチェフェリーチェ,どるちぇふぇりーちぇ,ph162.jpg,ハッピーバッグ,"1,000円",,,フラワーサブレ10枚×1箱,ラスク（レモン×1、マスカット×1）,クローバークッキー×1,,限定36セット,
163,グルメ,B1,濵うさぎ,はまうさぎ,ph163.jpg,スペシャルプライス,旬衣（焼き菓子詰め合わせ）,"1,000円",,うさぎ形ギフトボックスに焼菓子4～5個の詰め合わせ,,,,11/1（水）～12/31（日）,
164,グルメ,B1,パンチャンワング,ぱんちゃんわんぐ,ph164.jpg,スペシャルプライス,サムギョプサル（単品）,"1,350円",,サムギョプサル・サンチュ・エゴマ・コチュジャン・ごま油・キムチ,,,,11/1（水）～12/31（日）,
165,グルメ,B1,ミスタードーナツ,みすたーどーなつ,ph165.jpg,オススメドーナツセット10個入り,"1,300円",,,,,,,限定20セット,11/1（水）～11/7（火）
166,グルメ,B1,横浜フランス菓子 プチ・フルール,よこはまふらんすがしぷちふるーる,ph166.jpg,50年前の復刻メニュー,プチフール5個入り（プチタルト3種、プチアニマルケーキ2種）,"1,620円",,,,,,11/1（水）～11/17（金）,なくなり次第終了
167,グルメ,B1,ローラズカップケーキ東京,ろーらずかっぷけーきとうきょう,ph167.jpg,ジョイナス50周年記念カップケーキ,,,,①バニラカップケーキ+ロゴプリントマジパン 681円,②レッドベルベットカップケーキ+ロゴプリントマジパン 702円,③お好みのカップケーキにロゴプリントマジパンを追加 152円,,,
168,グルメ,B1,和カフェ ツムギ,わかふぇつむぎ,ph168.jpg,芋ようかんの和三盆ブリュレ50％増量,"1,100円",,,,,,,11/13（月）～11/26（日）,
169,サービス,B1,エースコンタクト,えーすこんたくと,ph169.jpg,コンタクトレンズご購入者様にエコバッグ、マグネット、紅茶などのノベルティプレゼント！,,,,,,,,11/1（水）～11/30（木）,なくなり次第終了
170,サービス,B1,J・マーケット,じぇいまーけっと,ph170.jpg,ワクワクセット売りキャンペーン！,"イオン商品券1,000円×10枚+イオン株主優待券100円を10,000円で販売","東急グループ商品券1,000円×10枚+東急ストア50円を10,000円で販売",,,,,,11/1（水）～11/15（水）,なくなり次第終了
171,サービス,4F,ネイルクイック オー・プティボヌール,ねいるくいっくおーぷてぃぼぬーる,ph171.jpg,"①フットメニュー11,000円以上ご利用で、スパネイルフットファイルをプレゼント！",②ハンドケアコースご利用で、アミノモイストグローブプレゼント！,,,,,,,11/1（水）～11/30（木）,なくなり次第終了
172,サービス,4F,リアット！横浜ジョイナス店,りあっとよこはまじょいなすてん,ph172.jpg,靴や鞄の修理・クリーニング・カラーリング（補色）のトータルケア店ならではのケア特別価格,本革鞄染め直しブラック,"8,888円",,,,,,11/1（水）～11/30（木）,